Gene_Public_Name,Gene_WB220ID,DE_Pval,DE_FDR,DE_logFC,TFhit_pval,TFHit_MinAbsDistance,TFHit_MinRelDistance,TotalHits_in_range
aat-1,WBGene00000002,0.00072700,0.02508879,3.46984772,0.00000000,7992,7992,3
add-1,WBGene00000072,0.00006913,0.00639610,4.82008186,0.00000000,30371,-30371,3
alh-12,WBGene00000118,0.00044166,0.01721108,2.56601368,0.00000000,115,-115,6
amt-1,WBGene00000133,0.00079717,0.02647700,4.23168798,0.00000000,20308,-20308,5
amt-4,WBGene00000136,0.00001189,0.00086220,4.72107282,0.00000000,14162,-14162,5
aqp-1,WBGene00000169,0.00000006,0.00000929,4.85317636,0.00000000,14963,-14963,6
asm-2,WBGene00000212,0.00000200,0.00018197,3.85971920,0.00000000,24425,24425,1
asm-3,WBGene00000213,0.00000000,0.00000013,5.34374649,0.00000000,4184,4184,3
asp-3,WBGene00000216,0.00000327,0.00027499,3.34199643,0.00000000,13999,13999,5
asp-4,WBGene00000217,0.00070603,0.02491151,2.34195595,0.00000000,4024,-4024,5
cah-5,WBGene00000283,0.00053369,0.01958369,3.53124826,0.00000000,48552,48552,1
col-7,WBGene00000596,0.00012556,0.01004807,32.40309186,0.00036466,20530,-20530,1
col-8,WBGene00000597,0.00004309,0.00264604,2.96971011,0.00000000,862,-862,8
col-13,WBGene00000602,0.00051874,0.03006717,3.02826851,0.00000000,19698,-19698,3
col-19,WBGene00000608,0.00167274,0.04793592,2.17548657,0.00000000,11441,-11441,2
col-20,WBGene00000609,0.00120086,0.03715562,2.27563133,0.00000000,11241,-11241,7
col-69,WBGene00000645,0.00002238,0.00261082,-3.81716212,0.00000000,4317,4317,6
col-76,WBGene00000652,0.00034521,0.02244030,2.80327358,0.00000000,12250,12250,6
col-80,WBGene00000656,0.00000000,0.00000008,5.20770912,0.00000000,48268,-48268,2
col-81,WBGene00000657,0.00035906,0.02308957,2.56310013,0.00000000,8452,-8452,6
col-93,WBGene00000668,0.00000002,0.00000321,4.88250622,0.00000000,4050,-4050,3
col-94,WBGene00000669,0.00000031,0.00003726,4.72063574,0.00000000,1815,-1815,4
col-95,WBGene00000670,0.00000048,0.00005347,3.68630740,0.00000000,14479,-14479,8
col-98,WBGene00000673,0.00000010,0.00001416,4.36219001,0.00000000,50,-50,11
col-101,WBGene00000675,0.00000000,0.00000005,5.09941552,0.00000000,4005,4005,8
col-103,WBGene00000677,0.00000087,0.00008639,3.77655508,0.00000000,58,-58,5
col-119,WBGene00000693,0.00163514,0.04716722,2.15404284,0.00000000,4624,4624,5
col-122,WBGene00000696,0.00017198,0.00841466,2.61532758,0.00000000,24889,-24889,7
col-124,WBGene00000698,0.00000004,0.00000680,4.32782871,0.00000000,5864,5864,7
col-129,WBGene00000703,0.00029179,0.01949743,2.59278050,0.00000000,2962,-2962,7
col-130,WBGene00000704,0.00000329,0.00027499,-5.96060483,0.00000000,10600,10600,5
col-133,WBGene00000707,0.00006913,0.00639610,4.82008186,0.00000000,28387,28387,1
col-139,WBGene00000712,0.00003240,0.00206302,3.71711481,0.00000000,25254,25254,6
col-140,WBGene00000713,0.00032232,0.01337753,2.48959232,0.00000000,3847,3847,7
col-142,WBGene00000715,0.00053728,0.01959613,3.04582144,0.00000000,34049,-34049,6
col-143,WBGene00000716,0.00000000,0.00000014,4.89319204,0.00000000,38521,-38521,5
col-147,WBGene00000720,0.00027906,0.01918266,3.12462448,0.00019297,20996,-20996,1
col-160,WBGene00000733,0.00000000,0.00000001,6.09459347,0.00000000,216,-216,4
col-178,WBGene00000751,0.00064748,0.02305644,2.35797037,0.00000000,7730,7730,1
col-179,WBGene00000752,0.00010293,0.00538621,2.93008536,0.00000000,5662,5662,1
col-181,WBGene00000754,0.00015763,0.00787244,2.63083118,0.00000000,1316,1316,1
col-183,WBGene00000756,0.00000098,0.00009634,5.95751302,0.00000000,18826,18826,2
col-184,WBGene00000757,0.00042685,0.01684465,2.44539467,0.00000000,20545,-20545,2
cpr-1,WBGene00000781,0.00016165,0.00803971,2.62979460,0.00000000,4604,4604,6
cut-6,WBGene00000853,0.00072685,0.02508879,31.79015784,0.00000000,4940,-4940,5
dhs-2,WBGene00000966,0.00000000,0.00000243,6.19559100,0.00000000,119,-119,9
dhs-3,WBGene00000967,0.00019236,0.01437975,2.70911836,0.00000000,4805,-4805,4
dhs-7,WBGene00000971,0.00140897,0.04156470,31.54223032,0.00000000,8079,8079,3
dhs-18,WBGene00000981,0.00021429,0.01553420,3.12720402,0.00000000,7145,7145,12
dhs-20,WBGene00000983,0.00000000,0.00000034,7.07006012,0.00000000,6490,-6490,8
dhs-26,WBGene00000989,0.00000084,0.00008552,4.12287449,0.00000005,9054,-9054,1
dsc-4,WBGene00001099,0.00005945,0.00340715,3.26821386,0.00000000,2090,-2090,8
ech-7,WBGene00001156,0.00001270,0.00091567,3.63744767,0.00000000,23006,23006,4
ech-8,WBGene00001157,0.00045879,0.02828656,3.61062850,0.00000000,3857,-3857,6
ech-9,WBGene00001158,0.00048115,0.01809714,3.95751302,0.00000000,7642,-7642,6
elo-2,WBGene00001240,0.00071325,0.02502828,2.49591519,0.00000000,121,-121,6
elo-5,WBGene00001243,0.00000000,0.00000005,5.75731634,0.00000000,11543,-11543,6
elo-6,WBGene00001244,0.00000000,0.00000040,4.84884177,0.00000000,257,-257,4
far-3,WBGene00001387,0.00000001,0.00000291,4.44347230,0.00000000,6043,-6043,7
fat-5,WBGene00001397,0.00000000,0.00000001,5.86147568,0.00000060,423,-423,1
fmo-2,WBGene00001477,0.00003887,0.00241155,-5.46875174,0.00000000,81,-81,2
ftn-1,WBGene00001500,0.00000000,0.00000005,6.32566413,0.00000000,27749,-27749,4
gap-1,WBGene00001515,0.00049928,0.01860468,-3.24134124,0.00000000,14154,-14154,3
gfi-1,WBGene00001581,0.00000005,0.00000866,4.20283763,0.00000000,27670,-27670,5
gly-8,WBGene00001633,0.00044186,0.01721108,2.60925078,0.00000000,32444,32444,3
grd-3,WBGene00001692,0.00000051,0.00005559,5.31260798,0.00000000,40372,-40372,2
grd-5,WBGene00001694,0.00009861,0.00520576,4.28613577,0.00000000,7975,-7975,17
grd-13,WBGene00001702,0.00140897,0.04156470,31.54223032,0.00000000,39029,-39029,2
grl-4,WBGene00001713,0.00022223,0.01013170,3.75364068,0.00000000,3385,-3385,5
gst-4,WBGene00001752,0.00025958,0.01148652,3.29678301,0.00000000,9479,9479,6
gst-13,WBGene00001761,0.00022931,0.01622917,2.80440024,0.00000000,11560,11560,6
gst-24,WBGene00001772,0.00063966,0.03493588,-2.82233091,0.00000000,1422,1422,7
gst-42,WBGene00001790,0.00088055,0.02887835,2.95271203,0.00000000,30006,-30006,1
haf-9,WBGene00001819,0.00002210,0.00242517,3.34243239,0.00000000,1044,1044,10
his-10,WBGene00001884,0.00007446,0.00664645,-6.40364563,0.00000000,6340,-6340,7
his-11,WBGene00001885,0.00000823,0.00110543,-5.31172676,0.00000000,7937,7937,6
his-12,WBGene00001886,0.00003231,0.00206302,-5.49864629,0.00000000,8134,-8134,6
his-14,WBGene00001888,0.00007446,0.00664645,-6.40364563,0.00000000,9697,9697,6
his-15,WBGene00001889,0.00000823,0.00110543,-5.31172676,0.00000000,8131,-8131,6
his-16,WBGene00001890,0.00003231,0.00206302,-5.49864629,0.00000000,7903,7903,6
his-26,WBGene00001900,0.00007446,0.00664645,-6.40364563,0.00000000,4183,4183,7
his-43,WBGene00001917,0.00003231,0.00206302,-5.49864629,0.00000000,2389,2389,7
his-44,WBGene00001918,0.00000823,0.00110543,-5.31172676,0.00000000,2617,-2617,7
hsp-16.1,WBGene00002015,0.00123635,0.03805810,-2.31219396,0.00000000,1188,-1188,11
hsp-16.11,WBGene00002017,0.00123635,0.03805810,-2.31219396,0.00000000,1107,-1107,11
hsp-17,WBGene00002021,0.00050962,0.04810049,-2.65416306,0.00000000,21250,-21250,6
ifb-2,WBGene00002054,0.00047303,0.01807473,-2.46212801,0.00000000,22779,22779,6
ifc-1,WBGene00002055,0.00011998,0.01268880,-2.67864098,0.00035370,28377,28377,1
ifp-1,WBGene00002067,0.00000000,0.00000014,-7.11260793,0.00000000,12645,12645,2
ins-11,WBGene00002094,0.00002248,0.00244465,-32.85540876,0.00000000,563,563,10
lec-6,WBGene00002269,0.00027766,0.01210854,2.55994370,0.00000000,141,-141,9
lec-9,WBGene00002272,0.00000186,0.00017239,4.25371429,0.00000000,10145,10145,7
lys-1,WBGene00003090,0.00000008,0.00001168,4.03016221,0.00000000,3849,-3849,5
lys-2,WBGene00003091,0.00000000,0.00000008,5.28141336,0.00000000,7492,7492,5
lys-4,WBGene00003093,0.00000065,0.00006817,3.97126243,0.00000000,12696,-12696,9
mtl-1,WBGene00003473,0.00000003,0.00000474,5.82586901,0.00000000,17522,-17522,4
klf-3,WBGene00003480,0.00173281,0.04918885,-2.61170969,0.00000000,2606,-2606,4
mua-6,WBGene00003485,0.00047490,0.01808843,2.59653972,0.00000000,9764,-9764,2
ndg-4,WBGene00003577,0.00070785,0.02491151,2.60524884,0.00000000,3627,-3627,14
nhr-68,WBGene00003658,0.00164175,0.04716722,2.57564238,0.00000000,437,-437,12
nhr-73,WBGene00003663,0.00005791,0.00653323,33.00375320,0.00000000,19171,19171,1
nhr-110,WBGene00003700,0.00029061,0.01253699,32.00166194,0.00000000,3004,-3004,4
nnt-1,WBGene00003778,0.00068420,0.03653462,2.78055350,0.00000000,30159,-30159,1
npa-1,WBGene00003786,0.00000005,0.00000879,4.06740567,0.00000000,6243,-6243,7
nuc-1,WBGene00003828,0.00150283,0.04390305,2.21035226,0.00000000,6919,6919,5
oat-1,WBGene00003837,0.00004532,0.00267411,32.44912092,0.00000000,3786,-3786,7
pbo-4,WBGene00003943,0.00017035,0.00836864,3.12950759,0.00001090,9683,9683,1
pcp-1,WBGene00003956,0.00000000,0.00000063,4.96523487,0.00000000,11444,11444,11
pcp-2,WBGene00003957,0.00000001,0.00000145,34.18608651,0.00000000,17937,17937,7
pcp-3,WBGene00003958,0.00001531,0.00180623,3.42440969,0.00000000,11829,11829,7
pgp-5,WBGene00003999,0.00044411,0.02766683,3.10141254,0.00000006,41923,-41923,1
pgp-6,WBGene00004000,0.00007937,0.01737682,2.86601927,0.00000006,24915,-24915,1
pgp-8,WBGene00004002,0.00002487,0.00265647,-3.45350184,0.00000006,36794,-36794,1
pho-1,WBGene00004020,0.00000537,0.00080347,4.28305384,0.00000000,1953,-1953,9
pmp-5,WBGene00004062,0.00000425,0.00065199,3.67837310,0.00000000,6831,6831,4
ppw-1,WBGene00004093,0.00050299,0.04691299,-2.41303693,0.00000000,360,360,7
pqn-32,WBGene00004120,0.00133434,0.04055584,-3.55621458,0.00000000,9303,9303,10
pqn-36,WBGene00004123,0.00012404,0.01004807,-3.50484872,0.00000000,25891,-25891,2
pqn-66,WBGene00004149,0.00000051,0.00009192,-6.06227462,0.00000000,31447,31447,1
pqn-92,WBGene00004172,0.00018362,0.01858994,-2.66391586,0.00000000,17747,17747,5
ptr-17,WBGene00004231,0.00003598,0.00225540,-4.16919145,0.00000000,7895,-7895,4
ptr-22,WBGene00004236,0.00055836,0.02030327,-2.59074226,0.00000000,29623,29623,4
rom-3,WBGene00004402,0.00000245,0.00035835,-33.68751620,0.00000000,23509,23509,2
rpl-38,WBGene00004452,0.00029498,0.03074694,-2.58048745,0.00000000,334,-334,6
rpl-39,WBGene00004453,0.00038574,0.03918557,-2.48217449,0.00000000,358,-358,8
skr-4,WBGene00004810,0.00000336,0.00060042,-3.65116992,0.00000000,15107,-15107,3
skr-5,WBGene00004811,0.00039082,0.03936819,-32.31990575,0.00000944,5082,5082,1
smd-1,WBGene00004875,0.00000033,0.00003988,5.37673831,0.00000000,7901,-7901,2
sod-3,WBGene00004932,0.00030570,0.01286485,4.43813886,0.00000000,28725,-28725,7
spp-1,WBGene00004986,0.00003014,0.00200398,3.10867709,0.00000000,2330,-2330,7
spp-2,WBGene00004987,0.00000048,0.00005347,3.96982128,0.00000000,10072,10072,2
spp-8,WBGene00004993,0.00001167,0.00085634,3.20367361,0.00000000,149,-149,9
spp-12,WBGene00004997,0.00100641,0.03162700,31.71215532,0.00000000,2934,2934,6
spp-18,WBGene00005003,0.00100214,0.03162700,2.99067988,0.00000000,10,10,2
srp-2,WBGene00005643,0.00010344,0.01103817,-5.01647093,0.00000000,10738,10738,6
tre-4,WBGene00006610,0.00000040,0.00004722,33.44912092,0.00000000,23245,-23245,2
tre-5,WBGene00006611,0.00018474,0.00889419,-3.38931727,0.00000000,11148,-11148,6
tsp-1,WBGene00006627,0.00000002,0.00000321,-5.37564233,0.00000000,3604,-3604,7
tsp-2,WBGene00006628,0.00000823,0.00063057,-5.79067983,0.00000000,5134,-5134,7
tsp-10,WBGene00006636,0.00000245,0.00040710,33.28915949,0.00000000,3234,3234,4
ubc-15,WBGene00006710,0.00002288,0.00315188,-5.18582734,0.00000000,7407,-7407,3
vit-2,WBGene00006926,0.00032930,0.01362015,2.47602177,0.00000000,15288,-15288,4
vit-3,WBGene00006927,0.00059205,0.02127152,2.36044663,0.00000000,33345,-33345,1
vit-4,WBGene00006928,0.00136606,0.04131130,2.18523242,0.00000000,41920,-41920,1
vit-5,WBGene00006929,0.00000251,0.00021588,3.36903849,0.00000005,31923,-31923,1
vit-6,WBGene00006930,0.00011753,0.00601975,2.67627780,0.00000000,8099,-8099,7
tag-191,WBGene00007049,0.00000096,0.00016433,-5.94491767,0.00000000,25360,25360,3
B0024.4,WBGene00007097,0.00021260,0.02295859,-2.75769984,0.00000000,23024,23024,5
B0035.13,WBGene00007112,0.00000000,0.00000018,6.04957357,0.00000000,7959,7959,4
B0284.1,WBGene00007131,0.00000000,0.00000000,-8.07629509,0.00000000,2431,2431,10
B0284.2,WBGene00007132,0.00000595,0.00083665,-4.32906116,0.00000000,2805,-2805,12
B0284.4,WBGene00007134,0.00000000,0.00000000,-36.83319366,0.00000000,5853,-5853,11
cyp-29A4,WBGene00007140,0.00149543,0.04379309,2.88174551,0.00000000,372,-372,4
clec-41,WBGene00007153,0.00000000,0.00000004,5.32410362,0.00000000,7617,7617,3
B0564.3,WBGene00007203,0.00004851,0.00284828,-3.92752744,0.00000000,64,-64,9
acs-7,WBGene00007228,0.00099470,0.04873547,2.93255659,0.00000000,7354,-7354,9
C04F12.1,WBGene00007297,0.00000002,0.00000533,-4.20033852,0.00000000,6812,-6812,7
pho-11,WBGene00007331,0.00000000,0.00000000,8.86887017,0.00000000,643,-643,7
C05C12.4,WBGene00007336,0.00047852,0.01809714,2.91591211,0.00000000,36197,-36197,1
cyp-35C1,WBGene00007362,0.00000015,0.00002071,4.35397841,0.00000000,5685,5685,6
ugt-17,WBGene00007422,0.00000005,0.00001783,33.99441623,0.00010542,29407,-29407,2
C12C8.2,WBGene00007533,0.00000000,0.00000103,6.11621076,0.00000000,3821,3821,8
daf-36,WBGene00007536,0.00006913,0.00639610,4.82008186,0.00000000,20526,20526,8
C13C4.6,WBGene00007550,0.00100641,0.04873547,31.85306038,0.00000000,10001,-10001,5
clec-48,WBGene00007565,0.00000006,0.00001014,5.26821386,0.00000035,42771,-42771,1
C15C8.3,WBGene00007605,0.00006636,0.00374962,3.25006651,0.00000000,13568,-13568,3
ugt-23,WBGene00007650,0.00029929,0.01286485,2.70669027,0.00000000,7381,-7381,2
C17H1.3,WBGene00007656,0.00000000,0.00000000,-6.40434929,0.00000000,38285,-38285,4
C17H1.4,WBGene00007657,0.00000000,0.00000000,-37.77072957,0.00000000,46475,46475,4
C17H1.5,WBGene00007658,0.00000000,0.00000000,-9.26317322,0.00000000,47519,-47519,3
C17H1.6,WBGene00007659,0.00000000,0.00000000,-36.85342814,0.00000000,28607,-28607,2
C17H1.7,WBGene00007660,0.00000000,0.00000000,-5.79823799,0.00000000,22550,-22550,2
C17H1.8,WBGene00007661,0.00000000,0.00000000,-8.64956459,0.00000000,30662,-30662,2
C17H1.9,WBGene00007662,0.00000000,0.00000000,-37.24517135,0.00000000,39979,39979,2
C18D11.6,WBGene00007682,0.00022223,0.01013170,-3.50437565,0.00000000,30,-30,9
C23H4.2,WBGene00007691,0.00030570,0.02020121,4.51751909,0.00000000,40442,-40442,3
C23H4.3,WBGene00007692,0.00002408,0.00259450,4.00294592,0.00000000,46935,-46935,2
C23H4.7,WBGene00007695,0.00053040,0.03006717,32.08752563,0.00000000,43651,-43651,2
oac-6,WBGene00007833,0.00004692,0.00463853,4.93255659,0.00000000,39701,39701,3
ugt-21,WBGene00007885,0.00053040,0.01953743,31.86415842,0.00000000,8601,8601,10
cyp-25A1,WBGene00007963,0.00000000,0.00000008,34.78330778,0.00000000,12231,-12231,16
cyp-25A2,WBGene00007964,0.00000000,0.00000013,6.49110324,0.00000000,14852,-14852,15
C40H1.7,WBGene00008042,0.00057184,0.03181282,3.96818050,0.00000000,1677,1677,3
C43D7.4,WBGene00008067,0.00000000,0.00000000,-36.05907506,0.00000073,29707,-29707,1
sdz-6,WBGene00008068,0.00000000,0.00000002,-35.50513946,0.00000073,31570,31570,1
C44H9.4,WBGene00008099,0.00009658,0.01049584,-3.52170624,0.00000000,16491,-16491,5
C44H9.7,WBGene00008102,0.00000001,0.00000136,-6.84363433,0.00000000,15320,-15320,6
C47A4.2,WBGene00008123,0.00100641,0.03162700,31.71215532,0.00000000,1627,-1627,4
C48B4.1,WBGene00008167,0.00005802,0.00335713,3.35000795,0.00000000,1754,1754,10
C49C3.4,WBGene00008194,0.00022727,0.01032214,2.59390060,0.00000000,10533,10533,4
C50B6.7,WBGene00008220,0.00000000,0.00000017,5.34716520,0.00000000,9707,-9707,8
C53A5.9,WBGene00008267,0.00000000,0.00000000,-7.97516395,0.00000000,47969,47969,1
C53A5.11,WBGene00008269,0.00000000,0.00000090,-34.85744120,0.00000009,49831,49831,1
cdr-2,WBGene00008296,0.00000007,0.00001107,5.24090651,0.00000000,1815,1815,5
dct-3,WBGene00008301,0.00000000,0.00000000,-6.62124191,0.00000000,6823,-6823,6
C54D10.8,WBGene00008302,0.00000000,0.00000000,-7.47166555,0.00000000,3695,-3695,6
ttr-44,WBGene00008341,0.00000953,0.00070346,3.76965300,0.00000000,21080,-21080,5
D1054.8,WBGene00008375,0.00126708,0.03880565,2.80426676,0.00000000,11644,11644,6
D1086.3,WBGene00008390,0.00000001,0.00000302,4.68284144,0.00000000,322,-322,5
D1086.9,WBGene00008396,0.00004532,0.00267411,32.44912092,0.00000000,9113,-9113,6
ugt-43,WBGene00008485,0.00009861,0.00520576,4.28613577,0.00000000,17246,17246,10
ugt-44,WBGene00008486,0.00000045,0.00005155,4.06818925,0.00000000,12142,12142,10
F01D5.1,WBGene00008492,0.00000000,0.00000087,6.14595811,0.00000000,20794,-20794,10
F01D5.2,WBGene00008493,0.00000026,0.00003224,33.51951025,0.00000000,19434,-19434,10
F01D5.3,WBGene00008494,0.00000040,0.00004722,33.44912092,0.00000000,18325,-18325,11
F01D5.5,WBGene00008495,0.00000004,0.00001518,5.77049983,0.00000000,16090,-16090,13
cyp-37A1,WBGene00008499,0.00000591,0.00087245,3.76443383,0.00000000,1426,-1426,15
cyp-13B1,WBGene00008519,0.00001446,0.00102977,-32.76586956,0.00000000,5538,-5538,3
scav-6,WBGene00008542,0.00001341,0.00160380,4.73991151,0.00000000,26653,26653,5
F08A8.2,WBGene00008565,0.00052717,0.03006717,2.74307879,0.00000000,4424,-4424,6
F08A8.4,WBGene00008567,0.00000001,0.00000158,34.15694017,0.00000000,13224,-13224,7
F08G2.5,WBGene00008577,0.00028149,0.01923930,-2.67589426,0.00000000,1128,-1128,7
F08G5.6,WBGene00008584,0.00000000,0.00000000,36.01390554,0.00000000,15636,15636,5
clec-227,WBGene00008593,0.00004532,0.00455562,32.67248813,0.00000000,23643,-23643,6
clec-56,WBGene00008595,0.00001471,0.00103720,4.03904290,0.00000000,25549,-25549,5
clec-54,WBGene00008596,0.00030570,0.01286485,4.43813886,0.00000000,26344,26344,4
oac-14,WBGene00008602,0.00002391,0.00325642,-3.29628399,0.00000000,4787,-4787,4
cpt-5,WBGene00008629,0.00018061,0.01375940,4.22533834,0.00000000,5228,5228,6
F10F2.2,WBGene00008654,0.00000685,0.00053898,3.48078320,0.00000000,6264,-6264,5
acs-14,WBGene00008669,0.00013784,0.01077563,2.88364699,0.00000000,4485,-4485,10
F11E6.3,WBGene00008707,0.00002595,0.00174505,3.19117282,0.00000000,220,-220,6
F13E9.9,WBGene00008758,0.00140897,0.04156470,-31.71142178,0.00000000,10758,-10758,6
arrd-9,WBGene00008843,0.00000045,0.00005155,-5.30164175,0.00000000,13860,-13860,2
F15B9.6,WBGene00008850,0.00000187,0.00036792,-3.63156164,0.00000000,4165,-4165,6
F15D3.8,WBGene00008858,0.00000046,0.00008563,-4.35689537,0.00000000,3587,3587,6
F15D4.5,WBGene00008862,0.00168309,0.04811811,-2.19774347,0.00000000,7377,-7377,6
F15H10.5,WBGene00008872,0.00000013,0.00002713,-34.22356910,0.00000000,22537,-22537,4
F15H10.6,WBGene00008873,0.00000000,0.00000009,-35.23595282,0.00000000,29441,-29441,2
F17C11.6,WBGene00008917,0.00010344,0.00538958,4.70117326,0.00000000,3073,-3073,6
F18E2.1,WBGene00008936,0.00031470,0.01319760,2.77517385,0.00000000,3929,-3929,3
F21A3.2,WBGene00008992,0.00006565,0.00372700,3.07314204,0.00000000,17905,-17905,8
F22G12.1,WBGene00009061,0.00000000,0.00000000,-6.86891374,0.00000000,21939,21939,2
F23A7.4,WBGene00009069,0.00043095,0.04199874,-2.46679307,0.00000000,2732,-2732,1
F26C11.1,WBGene00009146,0.00079717,0.02647700,4.23168798,0.00000000,2921,-2921,5
F26F2.1,WBGene00009166,0.00000000,0.00000000,-10.49324979,0.00000000,18842,-18842,1
F26F2.2,WBGene00009167,0.00000000,0.00000000,-37.13102340,0.00000000,18075,18075,1
F26F2.3,WBGene00009168,0.00000000,0.00000000,-11.07280272,0.00000000,14196,-14196,1
F26F2.4,WBGene00009169,0.00000000,0.00000110,-35.11827189,0.00000000,11021,11021,1
F26F2.5,WBGene00009170,0.00003568,0.00470002,-32.88380663,0.00000000,7020,7020,1
F27E5.1,WBGene00009192,0.00113370,0.03535016,2.53124826,0.00000000,29835,29835,3
thn-1,WBGene00009213,0.00034123,0.01406210,3.64811202,0.00000000,7998,-7998,5
thn-2,WBGene00009215,0.00000004,0.00000648,4.18342183,0.00000000,8180,8180,5
F28H7.3,WBGene00009237,0.00003095,0.00203541,3.35437050,0.00000000,6553,-6553,13
F32H5.1,WBGene00009347,0.00012685,0.01004807,3.36551600,0.00000000,460,460,12
clec-65,WBGene00009396,0.00000290,0.00024622,3.43300014,0.00000000,22500,-22500,2
clec-166,WBGene00009518,0.00004532,0.00267411,32.44912092,0.00000000,11651,11651,4
F42A8.1,WBGene00009626,0.00023058,0.01043336,2.86116915,0.00000000,1257,1257,4
nspc-9,WBGene00009634,0.00035657,0.03653189,-3.22494309,0.00000000,19909,-19909,2
lipl-2,WBGene00009773,0.00000000,0.00000000,36.36240928,0.00000000,1625,-1625,1
F46F2.3,WBGene00009787,0.00000000,0.00000110,34.22873085,0.00000000,13889,-13889,5
F48C5.1,WBGene00009842,0.00072685,0.02508879,-31.81833698,0.00000000,18331,-18331,5
F49C12.7,WBGene00009877,0.00000002,0.00000731,4.89603072,0.00000000,3293,-3293,3
F49C12.14,WBGene00009883,0.00008523,0.00457954,4.33860319,0.00000000,7891,7891,3
scl-2,WBGene00009895,0.00000000,0.00000000,7.69447861,0.00000000,31,-31,13
dod-23,WBGene00009898,0.00000000,0.00000000,-35.95804514,0.00000000,16038,16038,5
F53H2.1,WBGene00010004,0.00000881,0.00114694,-3.32959638,0.00000000,4443,-4443,10
F54C9.3,WBGene00010041,0.00004373,0.00443312,3.15060354,0.00000000,2691,-2691,7
F54D1.6,WBGene00010047,0.00136580,0.04131130,-2.24186633,0.00000000,3562,-3562,3
F54D5.4,WBGene00010050,0.00039229,0.01568619,2.52360820,0.00000000,2328,-2328,10
lipl-1,WBGene00010062,0.00000000,0.00000027,6.37045205,0.00000000,22942,-22942,5
F54F11.2,WBGene00010070,0.00023641,0.01057762,2.62640550,0.00000000,12856,-12856,7
F55G11.4,WBGene00010124,0.00000000,0.00000000,7.47082748,0.00000056,39762,39762,2
F57G4.1,WBGene00010206,0.00000172,0.00027505,-33.75790553,0.00000000,35868,35868,1
F58E10.7,WBGene00010262,0.00021796,0.01005121,-32.18090706,0.00000000,9913,9913,5
K02E2.7,WBGene00010508,0.00019020,0.01909299,-2.95209170,0.00000000,7737,7737,10
K06A4.7,WBGene00010597,0.00010806,0.01257533,-2.98932806,0.00000000,1825,1825,8
cyp-14A2,WBGene00010706,0.00053040,0.03006717,32.08752563,0.00000000,4883,4883,6
asah-1,WBGene00010769,0.00000001,0.00000216,4.51555717,0.00000000,40,-40,11
LLC1.2,WBGene00010793,0.00047666,0.01809714,2.47635002,0.00000000,16,-16,5
M01G12.7,WBGene00010821,0.00000022,0.00004328,-34.12047561,0.00000000,10002,10002,3
M01G12.9,WBGene00010822,0.00000065,0.00006817,-3.99648937,0.00000000,6211,6211,3
ugt-62,WBGene00010904,0.00000084,0.00008552,4.82892881,0.00000000,11560,-11560,15
M176.4,WBGene00010943,0.00078911,0.04068322,2.64405150,0.00000000,3608,-3608,1
R02D5.3,WBGene00010977,0.00157806,0.04576747,-2.61559313,0.00000000,20097,20097,4
R07E3.4,WBGene00011105,0.00019934,0.00948314,3.04221018,0.00000000,45968,-45968,1
R07H5.10,WBGene00011130,0.00102803,0.03222236,-3.63867674,0.00000000,38700,38700,1
R09D1.10,WBGene00011166,0.00079717,0.02647700,4.17510445,0.00000000,15425,-15425,6
R09D1.12,WBGene00011168,0.00001446,0.00176567,-33.31978442,0.00000000,29270,-29270,6
R09H10.3,WBGene00011181,0.00108002,0.03376380,2.89381834,0.00089742,3245,3245,1
R10H10.3,WBGene00011222,0.00000004,0.00000716,4.80070894,0.00000000,7510,-7510,9
T01D3.6,WBGene00011330,0.00014348,0.00728651,2.71091466,0.00000000,1371,-1371,3
T02B5.1,WBGene00011362,0.00001799,0.00125132,32.67151334,0.00000000,12896,12896,7
T04A8.5,WBGene00011407,0.00000836,0.00111153,4.83944719,0.00000000,504,504,8
T04A11.3,WBGene00011418,0.00000187,0.00032808,7.02391335,0.00002100,13949,-13949,3
T06D8.1,WBGene00011522,0.00000260,0.00022161,-3.42079851,0.00000000,18671,-18671,6
cyp-34A2,WBGene00011699,0.00023311,0.01046889,3.23168798,0.00000165,4797,4797,2
T12D8.5,WBGene00011733,0.00164175,0.04716722,2.57564238,0.00000000,17,17,7
T16G1.5,WBGene00011799,0.00029061,0.01949743,32.22502915,0.00000000,11828,-11828,3
T16G12.1,WBGene00011803,0.00000002,0.00001022,4.80889812,0.00000000,32942,32942,4
T19C4.5,WBGene00011839,0.00156801,0.04558583,-2.63867674,0.00000000,3575,3575,7
dod-6,WBGene00011869,0.00068160,0.02412857,3.88880027,0.00000000,5651,5651,7
T23F11.2,WBGene00011954,0.00021796,0.01005121,-32.18090706,0.00000000,1143,-1143,5
T24B8.5,WBGene00011979,0.00000000,0.00000013,5.00813909,0.00000000,16084,-16084,8
T25C12.3,WBGene00012018,0.00007310,0.00407324,2.81817828,0.00000000,22276,-22276,6
T26H2.5,WBGene00012067,0.00000001,0.00000205,-34.70543811,0.00000000,200,-200,6
T27E7.6,WBGene00012091,0.00000000,0.00000000,-37.55046345,0.00000084,10092,10092,4
T27F2.4,WBGene00012101,0.00000493,0.00084376,-4.52931158,0.00000000,6466,6466,8
T28F3.8,WBGene00012134,0.00000002,0.00000424,4.90380243,0.00000000,23164,-23164,5
asic-2,WBGene00012137,0.00001189,0.00086220,-4.22363924,0.00000000,90,90,10
W01C9.1,WBGene00012175,0.00048805,0.01824579,3.08144535,0.00000000,8836,8836,7
W01C9.2,WBGene00012176,0.00060691,0.02174052,2.43503295,0.00000000,10818,10818,6
clec-49,WBGene00012251,0.00000005,0.00000772,33.83040429,0.00000008,28143,28143,1
clec-50,WBGene00012253,0.00000167,0.00015734,3.55262077,0.00000008,32294,32294,1
oac-54,WBGene00012323,0.00000836,0.00110075,-4.47731212,0.00000000,1625,-1625,8
Y2H9A.4,WBGene00012381,0.00023057,0.02295054,-2.65846437,0.00000000,12337,12337,6
Y6E2A.4,WBGene00012398,0.00012879,0.01338179,-3.73469996,0.00000000,48707,48707,1
Y6E2A.5,WBGene00012399,0.00000020,0.00004044,-4.56780265,0.00000000,47788,-47788,1
Y6E2A.7,WBGene00012400,0.00000000,0.00000097,-34.84132154,0.00000000,46604,46604,1
Y7A5A.1,WBGene00012407,0.00004356,0.00266108,3.01604660,0.00000000,29428,29428,2
Y16B4A.2,WBGene00012445,0.00000003,0.00000522,4.85831966,0.00000000,8534,-8534,8
Y37D8A.16,WBGene00012554,0.00011744,0.00601975,-3.03860735,0.00000000,13253,-13253,3
clec-8,WBGene00012582,0.00003568,0.00224843,32.49642663,0.00000000,26201,-26201,4
dct-16,WBGene00012615,0.00000085,0.00008596,3.76646472,0.00000000,76,-76,5
Y39B6A.1,WBGene00012664,0.00039745,0.01579834,2.55114782,0.00000000,136,136,7
Y39G8B.5,WBGene00012726,0.00000000,0.00000000,-37.91825720,0.00000000,15468,15468,6
Y40H7A.10,WBGene00012747,0.00000000,0.00000001,5.82218867,0.00030097,44154,-44154,1
Y41C4A.11,WBGene00012757,0.00000169,0.00030677,-4.53911862,0.00000000,235,-235,5
Y43F8B.12,WBGene00012822,0.00000632,0.00085025,-33.49487112,0.00004630,34280,-34280,1
grsp-1,WBGene00012840,0.00040374,0.01598483,3.11621076,0.00000000,1276,-1276,6
Y46G5A.20,WBGene00012910,0.00003701,0.00482275,-4.31909387,0.00000000,5026,-5026,6
Y47H10A.5,WBGene00012961,0.00000011,0.00001587,-4.00519941,0.00000000,3147,3147,4
Y49E10.16,WBGene00013035,0.00123952,0.03805828,2.30324124,0.00000000,584,-584,8
Y51H4A.5,WBGene00013101,0.00005791,0.00563177,32.57295246,0.00000000,24114,24114,4
mltn-2,WBGene00013126,0.00079717,0.02647700,4.17510445,0.00000358,13279,-13279,2
Y57G11B.1,WBGene00013294,0.00000017,0.00005434,-34.18552334,0.00000000,9925,-9925,5
Y69H2.14,WBGene00013489,0.00000013,0.00001754,4.15489123,0.00000000,703,-703,2
Y105C5A.13,WBGene00013637,0.00005780,0.00708381,-4.88374567,0.00000000,120,-120,3
Y105C5B.9,WBGene00013650,0.00015738,0.00787244,4.61871110,0.00000000,526,-526,3
Y105C5B.15,WBGene00013654,0.00000000,0.00000003,5.51005404,0.00000000,20271,-20271,3
Y113G7B.12,WBGene00013762,0.00024382,0.01695519,4.56482481,0.00000000,37129,-37129,1
ZC376.3,WBGene00013875,0.00000245,0.00021516,33.09681917,0.00000000,14211,-14211,7
ugt-5,WBGene00013906,0.00024382,0.01695519,4.56482481,0.00000000,12475,12475,5
ZK228.3,WBGene00013946,0.00020148,0.00954727,3.53124826,0.00000001,29392,-29392,1
ZK228.4,WBGene00013947,0.00056622,0.03164735,2.93255659,0.00000001,27819,27819,1
scl-20,WBGene00013972,0.00000001,0.00000229,34.09681917,0.00000000,10660,10660,3
ZK512.7,WBGene00013986,0.00079584,0.02647700,2.47208619,0.00000000,12629,12629,6
ZK550.6,WBGene00014000,0.00045763,0.02828656,2.57185893,0.00000000,6413,-6413,4
clec-60,WBGene00014046,0.00000002,0.00000672,-5.70736446,0.00000000,19960,-19960,5
clec-61,WBGene00014047,0.00000656,0.00051984,5.59733745,0.00000000,11292,-11292,5
clec-187,WBGene00014137,0.00099962,0.03162700,3.40571738,0.00000000,30985,30985,2
clec-186,WBGene00014138,0.00000000,0.00000110,5.27001610,0.00000000,25589,-25589,2
nhr-245,WBGene00014189,0.00000074,0.00013171,-33.92017696,0.00000000,20189,20189,3
nhr-247,WBGene00014193,0.00072685,0.03829897,-32.06185963,0.00000165,222,-222,2
nit-1,WBGene00014206,0.00100520,0.03162700,3.14595811,0.00000000,5344,-5344,9
gstk-1,WBGene00014251,0.00010810,0.00897912,2.97741083,0.00000000,503,-503,7
C05D12.3,WBGene00014666,0.00000705,0.00054775,3.81665048,0.00000000,15640,15640,6
C06G8.3,WBGene00014669,0.00086815,0.04400000,2.78055350,0.00000000,15331,-15331,9
cyp-34A9,WBGene00015044,0.00000397,0.00032485,4.01851409,0.00000000,9436,-9436,2
clec-51,WBGene00015050,0.00140897,0.04156470,31.54223032,0.00000000,17347,17347,4
clec-52,WBGene00015052,0.00000014,0.00001873,4.71447009,0.00000000,14833,-14833,4
B0280.2,WBGene00015100,0.00049650,0.04667513,-3.08998569,0.00000000,8056,-8056,8
B0281.3,WBGene00015110,0.00043642,0.01716588,3.33860319,0.00000000,35178,35178,1
B0281.8,WBGene00015114,0.00000205,0.00031517,-33.72314011,0.00000000,29372,-29372,1
B0286.3,WBGene00015116,0.00002400,0.00162295,3.29279950,0.00000000,4279,-4279,2
ugt-46,WBGene00015141,0.00000493,0.00040071,4.25916872,0.00000000,5770,-5770,4
B0507.6,WBGene00015223,0.00000000,0.00000000,-6.79019507,0.00000000,37015,37015,4
B0507.7,WBGene00015224,0.00000000,0.00000041,-34.98029795,0.00000000,24453,-24453,5
B0507.8,WBGene00015225,0.00000000,0.00000000,-10.34275543,0.00000000,19979,-19979,5
B0507.9,WBGene00015226,0.00000294,0.00041966,-33.65099032,0.00000000,17135,-17135,5
B0507.10,WBGene00015227,0.00000000,0.00000000,-10.92103272,0.00000000,22657,-22657,5
ugt-51,WBGene00015369,0.00034349,0.01406210,4.02310136,0.00000094,27031,-27031,2
scav-1,WBGene00015389,0.00152753,0.04451660,2.51830921,0.00000000,28974,-28974,2
cyp-35A2,WBGene00015400,0.00000049,0.00005389,3.96631533,0.00000000,49152,-49152,1
C04G6.5,WBGene00015455,0.00000040,0.00009662,-34.23928729,0.00000000,4368,-4368,8
C05D2.8,WBGene00015469,0.00000100,0.00009730,3.92846449,0.00000000,6585,6585,13
C05D9.9,WBGene00015476,0.00062197,0.02221358,-3.79067983,0.00000000,4454,-4454,2
C06A8.3,WBGene00015514,0.00034270,0.01406210,2.56687217,0.00000000,69,69,8
C06E4.8,WBGene00015537,0.00006621,0.00732989,-3.40014426,0.00000000,10157,10157,7
C08E3.1,WBGene00015593,0.00001771,0.00211868,-3.40546114,0.00000001,24697,-24697,3
fbxa-163,WBGene00015598,0.00000000,0.00000003,-6.36206416,0.00006720,1607,1607,2
fbxa-165,WBGene00015600,0.00000205,0.00038983,-33.52426425,0.00000001,7355,7355,4
fbxa-158,WBGene00015602,0.00000001,0.00000412,-34.88380663,0.00000001,12153,12153,4
C08E3.13,WBGene00015605,0.00000000,0.00000032,-7.77234029,0.00000001,24741,24741,3
math-4,WBGene00015609,0.00021796,0.01005121,32.06579228,0.00000000,37772,-37772,3
C09B8.4,WBGene00015623,0.00005052,0.00637412,3.20132838,0.00000000,22284,-22284,2
catp-3,WBGene00015660,0.00000029,0.00003566,3.84819295,0.00000000,35326,-35326,3
C14B9.10,WBGene00015755,0.00017180,0.01889311,-2.86970487,0.00000000,277,-277,11
C14C6.2,WBGene00015756,0.00000017,0.00002252,33.60831951,0.00000000,28694,-28694,2
C14C6.5,WBGene00015759,0.00000000,0.00000066,5.37924517,0.00000000,2187,-2187,3
C15B12.1,WBGene00015783,0.00053040,0.03006717,32.08752563,0.00000000,27645,-27645,1
C15H9.7,WBGene00015802,0.00011121,0.00576934,2.85317636,0.00000000,17189,17189,1
math-14,WBGene00015828,0.00000000,0.00000006,-5.68537225,0.00000000,17466,-17466,3
math-15,WBGene00015829,0.00000941,0.00121175,-3.58583657,0.00000000,14442,-14442,3
math-5,WBGene00015834,0.00000000,0.00000000,-35.88128794,0.00000000,30861,30861,1
math-6,WBGene00015835,0.00000005,0.00001189,-34.38795592,0.00000000,32791,32791,1
math-10,WBGene00015839,0.00000142,0.00023054,-5.86962954,0.00000000,19604,-19604,2
C17F4.7,WBGene00015913,0.00000003,0.00000572,4.13524543,0.00000001,17,17,3
C18A11.3,WBGene00015949,0.00140897,0.04156470,31.62969316,0.00000000,22987,22987,10
C18H9.6,WBGene00016004,0.00072748,0.02508879,2.90628769,0.00000000,7547,-7547,4
C23G10.6,WBGene00016013,0.00031778,0.01323465,3.00517945,0.00000000,4309,-4309,9
C23H5.8,WBGene00016027,0.00000045,0.00005155,4.11621076,0.00000000,30065,30065,2
dod-3,WBGene00016052,0.00000000,0.00000000,7.83045628,0.00000000,31,31,2
C26B9.5,WBGene00016134,0.00000052,0.00005603,4.08347398,0.00000000,7072,7072,2
C30G12.2,WBGene00016274,0.00000017,0.00002310,4.55678336,0.00000000,2461,-2461,10
C31B8.4,WBGene00016281,0.00000000,0.00000013,-5.19977814,0.00035370,13125,13125,1
C33C12.3,WBGene00016335,0.00025474,0.01131396,2.93933300,0.00000000,18862,18862,3
C33C12.8,WBGene00016340,0.00000064,0.00013572,33.54695725,0.00000000,9321,-9321,3
C41H7.5,WBGene00016575,0.00100520,0.03162700,-2.97585692,0.00000000,7475,-7475,11
C42D4.2,WBGene00016595,0.00009636,0.00829189,32.46603725,0.00000000,12094,-12094,8
C45B2.1,WBGene00016658,0.00116281,0.03616435,3.11621076,0.00000000,6032,6032,2
ilys-2,WBGene00016669,0.00039082,0.01567988,31.93454774,0.00000000,27676,27676,1
ilys-3,WBGene00016670,0.00000000,0.00000012,34.69197744,0.00000000,30886,30886,1
C46C11.2,WBGene00016705,0.00087065,0.02863153,3.17510445,0.00000000,3707,3707,2
C46F2.1,WBGene00016714,0.00053040,0.03006717,32.01352505,0.00000000,6364,6364,5
C49C8.5,WBGene00016769,0.00148454,0.04358038,2.43247011,0.00000000,23882,23882,4
C52B9.2,WBGene00016865,0.00100641,0.04873547,31.85306038,0.00000000,15217,-15217,3
clec-86,WBGene00016912,0.00000626,0.00091384,-3.54137460,0.00000000,39416,-39416,2
acdh-1,WBGene00016943,0.00000025,0.00003142,3.84126959,0.00000000,3442,-3442,4
C55F2.1,WBGene00016957,0.00003044,0.00201299,3.54247552,0.00000000,21080,21080,8
aagr-1,WBGene00017071,0.00000021,0.00002691,3.96663441,0.00000000,9167,9167,3
E02C12.8,WBGene00017093,0.00021796,0.01005121,32.06579228,0.00000000,26539,26539,3
E04F6.15,WBGene00017131,0.00001213,0.00146564,4.36551600,0.00000000,9972,9972,3
F07E5.9,WBGene00017214,0.00000014,0.00002984,-4.83837861,0.00000000,21355,21355,1
numr-1,WBGene00017270,0.00000000,0.00000001,-5.50898103,0.00000000,4460,4460,7
clec-160,WBGene00017322,0.00000248,0.00021516,4.20932017,0.00000000,7457,7457,8
ugt-41,WBGene00017336,0.00004383,0.00266449,3.28201966,0.00000000,33131,-33131,1
F13H8.3,WBGene00017436,0.00006212,0.00354377,3.33860319,0.00000000,5998,5998,7
F13H8.11,WBGene00017443,0.00171843,0.04889590,3.66053128,0.00000000,9015,9015,7
F15E11.1,WBGene00017490,0.00000000,0.00000259,4.90830905,0.00000002,48203,48203,1
F15E11.12,WBGene00017498,0.00000018,0.00004726,6.00294592,0.00000000,44928,-44928,3
F15E11.13,WBGene00017499,0.00000006,0.00001795,4.46029422,0.00000002,48678,-48678,1
F15E11.14,WBGene00017500,0.00000000,0.00000259,4.90830905,0.00000000,41263,-41263,3
F15E11.15,WBGene00017501,0.00000000,0.00000007,7.38541556,0.00000000,45096,45096,3
F16B4.2,WBGene00017504,0.00053080,0.01953743,-2.96060483,0.00000000,1715,-1715,4
F21C10.11,WBGene00017660,0.00000000,0.00000023,5.74556738,0.00000000,5258,5258,15
ttr-37,WBGene00017667,0.00000044,0.00009911,-4.36919362,0.00000000,8163,-8163,5
F21F3.3,WBGene00017673,0.00005287,0.00308885,2.95965299,0.00000000,12758,12758,6
F21F8.4,WBGene00017678,0.00079853,0.02647700,2.68652649,0.00000000,16456,-16456,7
F21F8.11,WBGene00017681,0.00019337,0.00923579,-3.53914106,0.00000000,16452,-16452,5
clec-1,WBGene00017772,0.00003147,0.00205867,3.12420355,0.00000000,123,123,10
ttm-2,WBGene00017840,0.00039771,0.01579834,3.07556878,0.00000000,7313,7313,9
F28A12.4,WBGene00017881,0.00000000,0.00000063,4.69111960,0.00000000,5217,-5217,17
F28B4.3,WBGene00017892,0.00138105,0.04156470,2.22542219,0.00000000,10641,-10641,1
F31F7.1,WBGene00017964,0.00069900,0.03715883,2.42495297,0.00000000,16,-16,14
F35F10.5,WBGene00018055,0.00000948,0.00070346,32.79015784,0.00000000,8595,-8595,3
math-28,WBGene00018102,0.00002248,0.00261082,-33.22356910,0.00015654,26816,-26816,1
folt-2,WBGene00018138,0.00000000,0.00000063,34.34958524,0.00035370,34162,-34162,1
F37C4.6,WBGene00018146,0.00009813,0.00520576,3.66053128,0.00000000,2896,2896,2
F38B6.4,WBGene00018174,0.00000000,0.00000013,34.66117139,0.00000000,29730,-29730,2
btb-16,WBGene00018195,0.00100520,0.03162700,3.14595811,0.00000128,1,-1,3
btb-17,WBGene00018200,0.00079717,0.02647700,4.23168798,0.00000049,1493,1493,4
F42C5.3,WBGene00018345,0.00000000,0.00000000,-6.60401659,0.00000000,12206,12206,6
F42C5.10,WBGene00018350,0.00057872,0.02085478,-2.43108132,0.00000000,6383,6383,4
fbxa-182,WBGene00018353,0.00000027,0.00007252,-4.34015549,0.00000000,29725,-29725,3
F43H9.4,WBGene00018400,0.00074451,0.03888666,2.65502262,0.00000000,114,-114,10
F48D6.4,WBGene00018602,0.00085864,0.04370281,2.68387748,0.00000000,2191,2191,5
F48G7.2,WBGene00018614,0.00001514,0.00183005,-4.35995517,0.00000000,746,-746,4
F49F1.6,WBGene00018646,0.00000887,0.00116609,-3.83415634,0.00000000,27377,27377,2
oac-32,WBGene00018708,0.00000026,0.00006278,33.71979385,0.00000538,48268,-48268,1
F53A9.1,WBGene00018724,0.00084496,0.02793929,-2.62255707,0.00000000,12539,12539,2
F53A9.6,WBGene00018729,0.00051874,0.01927013,-2.90171114,0.00000000,10115,-10115,2
F53A9.7,WBGene00018730,0.00000021,0.00002728,-4.44603166,0.00000000,7068,-7068,2
bcmo-2,WBGene00018755,0.00015473,0.00782482,4.20367361,0.00000000,659,-659,7
irg-3,WBGene00018760,0.00000139,0.00013193,4.03374860,0.00000000,8231,8231,4
F53H8.3,WBGene00018779,0.00100641,0.03162700,31.71215532,0.00000000,11179,11179,2
tag-234,WBGene00018874,0.00029061,0.01253699,32.00166194,0.00000000,9876,9876,4
aman-1,WBGene00018877,0.00077240,0.02641076,2.53874280,0.00000000,20900,-20900,2
F55E10.6,WBGene00018885,0.00000003,0.00000474,33.93454774,0.00000000,22027,-22027,2
F56F10.1,WBGene00018984,0.00027555,0.01206004,2.66609081,0.00000000,4671,4671,3
F57B9.3,WBGene00018997,0.00002248,0.00153749,-32.71142178,0.00000000,6421,6421,10
F57F4.4,WBGene00019017,0.00000026,0.00003287,3.87015361,0.00000000,18807,-18807,5
F57H12.6,WBGene00019021,0.00053040,0.03006717,32.08752563,0.00000000,5843,-5843,6
F58A6.1,WBGene00019022,0.00029139,0.01949743,4.10248159,0.00000000,94,-94,6
F58B6.1,WBGene00019029,0.00029061,0.01253699,32.00166194,0.00000000,6099,-6099,3
lips-14,WBGene00019208,0.00057184,0.02066860,3.92356569,0.00000000,16128,-16128,3
H22K11.2,WBGene00019225,0.00000381,0.00031448,4.29943259,0.00000000,20629,20629,4
K02E7.10,WBGene00019314,0.00000029,0.00005554,-5.45459204,0.00000000,18111,-18111,4
K03H6.2,WBGene00019368,0.00001518,0.00106223,3.60925078,0.00000000,12877,-12877,2
cyp-35B1,WBGene00019472,0.00003193,0.00206302,3.60449725,0.00000000,40823,40823,1
cyp-35A5,WBGene00019473,0.00072685,0.03829897,31.93552254,0.00000000,43576,43576,1
sdz-24,WBGene00019495,0.00019190,0.00920205,4.92356569,0.00000000,8086,-8086,2
cyp-35A3,WBGene00019565,0.00008029,0.00435294,5.11621076,0.00000000,7195,7195,3
oac-58,WBGene00019580,0.00100641,0.04873547,31.83598686,0.00000000,23908,-23908,3
K10C2.3,WBGene00019619,0.00000086,0.00008637,3.75197764,0.00000000,2430,-2430,1
cpt-4,WBGene00019644,0.00000061,0.00006512,-4.75415396,0.00000000,180,-180,4
asns-2,WBGene00019730,0.00047304,0.01807473,2.49229463,0.00000000,26902,26902,1
M02D8.5,WBGene00019731,0.00079717,0.02647700,4.17510445,0.00000000,37513,37513,3
clec-265,WBGene00019738,0.00011276,0.00582505,5.02310136,0.00000000,4401,4401,3
PDB1.1,WBGene00019803,0.00000000,0.00000042,5.89465299,0.00000022,27915,-27915,2
R03G5.5,WBGene00019846,0.00079717,0.02647700,4.23168798,0.00000000,1214,1214,6
R04E5.2,WBGene00019869,0.00009907,0.00520722,3.92356569,0.00000000,966,-966,3
aagr-2,WBGene00019895,0.00046843,0.01801303,2.43928340,0.00000000,341,-341,8
R07C12.1,WBGene00019931,0.00000187,0.00029561,-4.06227462,0.00000001,27656,27656,1
R08E3.1,WBGene00019957,0.00016872,0.00832279,2.65910921,0.00000000,11547,-11547,2
R08E3.2,WBGene00019958,0.00175636,0.04950728,2.32961440,0.00000000,9203,-9203,2
hacd-1,WBGene00019978,0.00000044,0.00005155,3.82053915,0.00000000,6774,6774,5
R09F10.1,WBGene00019986,0.00002329,0.00158387,3.46670801,0.00000000,36634,-36634,2
lipl-3,WBGene00020016,0.00000948,0.00070346,32.82763254,0.00000000,8013,-8013,5
R57.1,WBGene00020082,0.00001822,0.00126052,3.09021556,0.00000000,22392,22392,3
ugt-53,WBGene00020182,0.00000010,0.00002808,6.11842314,0.00000003,45767,-45767,1
clec-53,WBGene00020191,0.00053040,0.01953743,31.86415842,0.00000000,565,-565,9
T05A8.2,WBGene00020228,0.00000245,0.00045192,-33.46876913,0.00000004,2951,2951,4
math-38,WBGene00020326,0.00000263,0.00037924,-3.90662375,0.00006720,3017,3017,2
T08E11.1,WBGene00020357,0.00000000,0.00000000,-7.61686347,0.00000000,13916,-13916,3
math-41,WBGene00020360,0.00017890,0.00871751,-2.94602004,0.00000000,2041,-2041,3
T08H10.1,WBGene00020369,0.00035108,0.01422764,2.64275658,0.00000000,196,-196,7
fbxa-60,WBGene00020456,0.00000009,0.00002618,5.65502262,0.00000000,35255,35255,3
T15B7.1,WBGene00020516,0.00000000,0.00000004,7.55361608,0.00000000,32166,32166,6
T19D12.4,WBGene00020579,0.00000000,0.00000087,-4.57943753,0.00000000,15541,-15541,4
fbxa-7,WBGene00020637,0.00000632,0.00085025,-33.49487112,0.00000002,38888,38888,1
T21H3.1,WBGene00020662,0.00045115,0.01751616,2.42834836,0.00000000,19471,19471,6
T22B7.7,WBGene00020674,0.00000837,0.00063764,3.20286515,0.00000000,8053,8053,4
T22F3.11,WBGene00020700,0.00001337,0.00095753,-3.97125208,0.00000000,26,26,12
T23F4.3,WBGene00020741,0.00000065,0.00013738,5.78055350,0.00000000,16238,-16238,5
T24E12.5,WBGene00020774,0.00000001,0.00000334,-5.62394845,0.00000000,10037,-10037,1
T25B6.2,WBGene00020788,0.00006259,0.00598895,3.27013795,0.00000032,33765,33765,2
T25G12.6,WBGene00020813,0.00133434,0.04055584,4.05481022,0.00000000,6094,-6094,4
lgc-34,WBGene00020836,0.00048813,0.01824579,4.33860319,0.00000000,20331,-20331,1
clec-218,WBGene00020938,0.00000017,0.00002249,6.27271525,0.00000000,5323,-5323,3
W08A12.4,WBGene00021081,0.00000000,0.00000000,-8.17601678,0.00000000,2821,2821,14
Y4C6B.6,WBGene00021160,0.00000008,0.00001170,4.80923301,0.00000000,6563,6563,6
cyp-32B1,WBGene00021167,0.00000656,0.00051984,5.61871110,0.00000000,29,-29,7
Y19D10B.4,WBGene00021233,0.00000294,0.00053408,-33.44019998,0.00000000,27408,27408,4
Y19D10B.7,WBGene00021236,0.00000006,0.00001795,4.46029422,0.00000000,40815,40815,3
Y34F4.1,WBGene00021336,0.00038213,0.02444180,3.41798342,0.00000000,16406,16406,2
Y34F4.2,WBGene00021337,0.00000245,0.00021516,33.09681917,0.00000000,26841,26841,2
Y40D12A.2,WBGene00021503,0.00002953,0.00197432,3.90628769,0.00000000,2737,2737,6
clec-74,WBGene00021585,0.00000087,0.00019681,-5.05180999,0.00000000,31856,31856,1
Y46H3A.5,WBGene00021601,0.00000600,0.00048498,-4.82630374,0.00000000,202,-202,6
cpt-3,WBGene00021703,0.00023147,0.01043450,-3.14117708,0.00000000,6845,6845,5
clec-203,WBGene00021744,0.00039082,0.03775642,-32.53551311,0.00000035,18506,18506,3
Y51F10.7,WBGene00021768,0.00000000,0.00000004,7.57016725,0.00000000,151,-151,5
math-45,WBGene00021772,0.00000172,0.00030677,33.35056004,0.00000000,2689,-2689,2
Y51H7C.1,WBGene00021779,0.00005941,0.00340715,3.46953406,0.00000000,29970,-29970,2
Y54F10AM.8,WBGene00021852,0.00000118,0.00011274,4.00373603,0.00000000,20983,-20983,5
Y54G2A.3,WBGene00021869,0.00031778,0.01323465,3.00517945,0.00000000,2236,2236,10
clec-85,WBGene00021872,0.00000000,0.00000004,5.67420622,0.00000000,7891,-7891,3
clec-82,WBGene00021873,0.00007446,0.00411105,32.34958524,0.00000000,10791,10791,3
clec-83,WBGene00021879,0.00007263,0.00406620,3.11621076,0.00000000,5021,-5021,4
Y55F3AM.10,WBGene00021927,0.00138806,0.04156470,-3.10101995,0.00000000,5282,-5282,4
Y57E12B.4,WBGene00021964,0.00000632,0.00085025,-33.49487112,0.00000000,16967,16967,3
Y58A7A.5,WBGene00021979,0.00066765,0.02370448,-2.49165214,0.00000000,5870,5870,4
Y65B4BR.1,WBGene00022040,0.00099962,0.03162700,3.40571738,0.00000000,25641,-25641,5
daao-1,WBGene00022076,0.00000040,0.00009204,33.62357853,0.00000000,903,-903,7
Y69A2AR.25,WBGene00022096,0.00004234,0.00261319,-3.87519663,0.00000000,31419,-31419,5
acp-6,WBGene00022245,0.00000007,0.00001051,4.03102102,0.00000000,10761,10761,3
Y82E9BR.13,WBGene00022346,0.00073623,0.02531780,-2.76992127,0.00000000,27043,-27043,3
Y94H6A.2,WBGene00022375,0.00000000,0.00000000,-6.39418680,0.00000000,4255,-4255,7
fbxa-75,WBGene00022476,0.00000000,0.00000000,-36.20479189,0.00000000,24352,-24352,1
Y119D3B.13,WBGene00022490,0.00000006,0.00000913,5.68099538,0.00000000,20465,20465,6
Y119D3B.21,WBGene00022497,0.00000121,0.00025511,-3.62693231,0.00000000,62,-62,7
ZC196.2,WBGene00022546,0.00009907,0.01066846,-3.79019507,0.00000000,43736,43736,4
ZC196.3,WBGene00022547,0.00000000,0.00000001,-35.70543811,0.00000000,46499,46499,3
ZC196.4,WBGene00022548,0.00007144,0.00783567,-3.50284721,0.00000241,49785,49785,1
ZC196.6,WBGene00022550,0.00000000,0.00000000,-37.00944430,0.00000008,43584,-43584,1
ZC239.14,WBGene00022572,0.00000600,0.00083665,-5.61686347,0.00000001,12521,12521,3
ZC395.5,WBGene00022597,0.00138806,0.04156470,3.33860319,0.00000000,7379,7379,7
lipl-5,WBGene00022642,0.00000000,0.00000001,5.59386024,0.00000000,4253,-4253,2
ZK355.3,WBGene00022713,0.00005791,0.00708381,-32.79634379,0.00000000,6623,6623,9
tomm-7,WBGene00022783,0.00004203,0.00536019,-5.06452104,0.00000000,4925,-4925,4
ZK1193.2,WBGene00022858,0.00000177,0.00016523,4.07040707,0.00000000,6269,6269,2
ZK1193.3,WBGene00022859,0.00003568,0.00224843,32.54223032,0.00000000,10095,10095,2
ZK1193.4,WBGene00022860,0.00005791,0.00335713,32.40021132,0.00000000,15365,15365,2
Y75B8A.39,WBGene00023483,0.00000000,0.00000004,-35.39901111,0.00000000,12239,12239,5
F15H10.9,WBGene00044013,0.00021796,0.03817723,-32.67456142,0.00000000,26898,-26898,2
F15H10.10,WBGene00044014,0.00000000,0.00000000,-36.44773715,0.00000000,24565,-24565,3
H39E23.3,WBGene00044201,0.00000000,0.00000000,8.32890979,0.00000000,12654,-12654,5
T26H5.9,WBGene00044206,0.00000948,0.00070346,32.82763254,0.00000000,20319,20319,1
Y6G8.5,WBGene00044207,0.00012731,0.01334521,-4.96916521,0.00000000,43689,-43689,1
C17H1.10,WBGene00044237,0.00000000,0.00000001,-36.11827189,0.00000000,27433,27433,2
F56D6.8,WBGene00044292,0.00044037,0.01721108,2.47342761,0.00000000,18910,18910,2
F56A6.5,WBGene00044427,0.00000015,0.00002999,-34.19847812,0.00000000,46653,46653,2
clec-173,WBGene00044469,0.00013973,0.00712644,3.59733745,0.00000000,24528,-24528,7
F56D6.9,WBGene00044471,0.00007446,0.00411105,32.34958524,0.00000000,17522,-17522,2
Y54G2A.49,WBGene00044492,0.00004532,0.00267411,32.44912092,0.00000000,6419,6419,3
F23A7.8,WBGene00044638,0.00042204,0.04157452,-2.45952964,0.00000000,3499,-3499,1
F52E1.14,WBGene00044696,0.00018115,0.00879166,2.64217008,0.00000000,23255,23255,5
F22G12.7,WBGene00044707,0.00000019,0.00003764,-5.16381264,0.00000000,17870,17870,2
C17H1.13,WBGene00044708,0.00000000,0.00000000,-36.71156987,0.00000000,35387,-35387,2
C17H1.14,WBGene00044709,0.00000000,0.00000001,-35.59440680,0.00000000,43810,43810,4
C54D10.12,WBGene00044787,0.00000084,0.00014605,-4.65815215,0.00000000,13706,-13706,5
Y59A8B.25,WBGene00044794,0.00039082,0.02486518,-32.19059295,0.00000000,24013,-24013,2
F12E12.11,WBGene00044811,0.00100641,0.03162700,31.71215532,0.00000000,465,465,1
Y43C5A.7,WBGene00044922,0.00100641,0.03162700,31.71215532,0.00000000,3311,-3311,5
F13E9.14,WBGene00045207,0.00000088,0.00008639,-33.33291015,0.00000000,17845,-17845,7
ttr-42,WBGene00045268,0.00008439,0.00455503,4.74070163,0.00000000,4655,4655,6
F18E3.13,WBGene00045276,0.00045879,0.01775564,3.59014195,0.00000000,6,-6,6
F26D11.13,WBGene00045393,0.00001446,0.00208823,-33.11827189,0.00000000,23338,-23338,5
Y47G6A.33,WBGene00045399,0.00171843,0.04889590,3.66053128,0.00000000,17019,-17019,4
T26F2.3,WBGene00045401,0.00000000,0.00000000,-7.99891256,0.00000000,18673,18673,5
Y43F8B.15,WBGene00045415,0.00000034,0.00006478,-34.03801345,0.00004630,27999,27999,1
Y37H2A.14,WBGene00045416,0.00000000,0.00000007,-6.43376562,0.00000035,27593,-27593,1
F33H12.7,WBGene00045457,0.00000010,0.00001396,-5.57727619,0.00000000,21786,21786,1
T07A5.7,WBGene00045475,0.00000000,0.00000003,-35.43167730,0.00000000,7872,-7872,8
T10C6.15,WBGene00050899,0.00000005,0.00000772,-33.86896305,0.00000000,217,-217,3
F26F2.9,WBGene00050959,0.00000010,0.00002158,-34.26838526,0.00000000,13162,13162,1
M03A1.8,WBGene00077490,0.00164200,0.04716722,-3.05371424,0.00000000,19619,19619,3
F25H5.10,WBGene00077773,0.00053040,0.04928654,-32.25577541,0.00000000,4742,4742,12
Y2H9A.6,WBGene00086568,0.00000000,0.00000000,-8.87605581,0.00000000,14247,14247,6
C54D10.14,WBGene00138721,0.00000000,0.00000000,-6.73394787,0.00000000,9392,-9392,6
Y39H10B.3,WBGene00194902,0.00001799,0.00213043,-33.27247870,0.00000000,6595,6595,14
F57G4.11,WBGene00195165,0.00000000,0.00000000,-37.64635888,0.00000000,34271,34271,1
